File,Segment ID:,Station ID:,Location1 (On):,Location2 (From):,Location3 (To):,Direction:,Borough Code*:,Date,Year:,Month:,Quarter:,DOW:,Day_Type:,Start Time:,End Time:,Weather:,Speed Limit:,Type of Roadway:,Width of Road by Direction:,Number of Moving Lanes:,Number of Parking Lanes:,Min,Max,Average,5th Percentile,50th Percentile,95th Percentile,
128832_EB_raw_counts(128832 1251-1316).xlsx,812,,Hylan Blvd,Culotta Ln,Butler Blvd,EB,5,12/27/2019,2019,Dec,Q4,Fri,Weekday,12:51:00,13:16:00,Dry - Clear,40,Two - Way,22',2,0,29,55,37.64,30,38,48,2019Q4
128833_WB_raw_counts(128833 1219-1248).xlsx,159350,,Hylan Blvd,Kenny Rd,Sharrott Ave,WB,5,12/27/2019,2019,Dec,Q4,Fri,Weekday,12:19:00,12:48:00,Dry - Clear,40,Two - Way,22',2,0,20,47,35.95,30,36,45,2019Q4
128834_NB_raw_counts(128834 1148-1214).xlsx,219232,,Hylan Blvd,Lemon Creek Shoreline,Bayview Ave,NB,5,12/27/2019,2019,Dec,Q4,Fri,Weekday,11:48:00,12:14:00,Dry - Clear,40,Two - Way,30',2,0,20,44,32.26,21.95,33,42,2019Q4
128835_WB_raw_counts(128835 1128-1144).xlsx,3018,,Hylan Blvd,Kingdom Ave,Arbutus Ave,WB,5,12/27/2019,2019,Dec,Q4,Fri,Weekday,11:28:00,11:44:00,Dry - Clear,40,Two - Way,30',2,0,16,49,35.78,25.8,35,45,2019Q4
128837_SB_raw_counts(128837 1433-1453).xlsx,155220,,Hylan Blvd,Richmond Ave,Oceanic Ave,SB,5,12/27/2019,2019,Dec,Q4,Fri,Weekday,14:33:00,14:53:00,Dry - Clear,40,Two - Way,32',2,1,19,40,27.44,20,27,36.05,2019Q4
128838_NB_raw_counts(128838 1400-1428).xlsx,155238,,Hylan Blvd,Redgrave Ave,Ainsworth Ave,NB,5,12/27/2019,2019,Dec,Q4,Fri,Weekday,14:00:00,14:28:00,Dry - Clear,35,Two - Way,30',3,0,16,45,31.66,22,32,40.05,2019Q4
128839_SB_raw_counts(128839 1300-1348).xlsx,155402,,Hylan Blvd,Tysens Lane,Reno Ave,SB,5,12/27/2019,2019,Dec,Q4,Fri,Weekday,13:00:00,13:48:00,Dry - Clear,35,Two - Way,32',3,0,7,33,21.72,11.95,22,30,2019Q4
128840_NB_raw_counts(128840 1200-1300).xlsx,11733,,Hylan Blvd,Hull Ave,Adams Ave,NB,5,12/27/2019,2019,Dec,Q4,Fri,Weekday,12:00:00,13:00:00,Dry - Clear,35,Two - Way,30',2,1,14,29,21.47,16.95,21,27,2019Q4
128841_SB_raw_counts(128841 1100-1200).xlsx,155467,,Hylan Blvd,Parkinson Ave,Norway Ave,SB,5,12/27/2019,2019,Dec,Q4,Fri,Weekday,11:00:00,12:00:00,Dry - Clear,35,Two - Way,30',2,1,9,37,23.32352941,15,23,32,2019Q4
128842_NB_raw_counts(128842 1252-1303).xlsx,18795,,Bay Parkway,Benson Ave,Bath Ave,NB,3,12/27/2019,2019,Dec,Q4,Fri,Weekday,12:52:00,13:03:00,Dry - Clear,25,Two - Way,30',2,1,10,30,18.35,13,18,23,2019Q4
128843_SB_raw_counts(128843 1235-1247).xlsx,20338,,Bay Pkwy,74th St,73th St,SB,3,12/27/2019,2019,Dec,Q4,Fri,Weekday,12:35:00,12:47:00,Dry - Clear,25,Two - Way,30',2,1,10,31,17.15,12,17,21,2019Q4
128844_NB_raw_counts(128844 1205-1227).xlsx,115160,,Bay Pkwy,E 2nd St,Washington Cemetery Boundary,NB,3,12/27/2019,2019,Dec,Q4,Fri,Weekday,12:05:00,12:27:00,Dry - Clear,25,Two - Way,30',2,1,10,32,18.89,11.95,19,28.05,2019Q4
128845_EB_raw_counts(128845 1100-1135).xlsx,190404,,Linden Blvd,E 94th St,E 95th St,EB,3,12/27/2019,2019,Dec,Q4,Fri,Weekday,11:00:00,11:35:00,Dry - Clear,30,Two - Way,32',3,0,14,52,27.1,18,26,40.2,2019Q4
128846_WB_raw_counts(128846 1140-1205).xlsx,190393,,Linden Blvd,Rockaway Ave,Mother Gaston Blvd,WB,3,12/27/2019,2019,Dec,Q4,Fri,Weekday,11:40:00,12:05:00,Dry - Clear,30,Two - Way,32',3,0,10,35,18.75,12,17.5,29.05,2019Q4
128847_EB_raw_counts(128847 1235-1250).xlsx,135297,,Linden Blvd,Mother Gaston Blvd,Junius St,EB,3,12/27/2019,2019,Dec,Q4,Fri,Weekday,12:35:00,12:50:00,Dry - Clear,30,Two - Way,32',3,0,14,42,25.92,15,25,37.05,2019Q4
128848_WB_raw_counts(128848 1257-1325).xlsx,191442,,Linden Blvd,New Jersey Ave,Vermont St,WB,3,12/27/2019,2019,Dec,Q4,Fri,Weekday,12:57:00,13:25:00,Dry - Clear,30,Two - Way,32',3,0,7,27,16.59,9.95,16.5,25,2019Q4
128849_EB_raw_counts(128849 1330-1352).xlsx,191438,,Linden Blvd,Ashford St,Warwick St,EB,3,12/27/2019,2019,Dec,Q4,Fri,Weekday,13:30:00,13:52:00,Dry - Clear,30,Two - Way,32',3,0,11,45,27.6,15,28,39.1,2019Q4
128850_WB_raw_counts(128850 1355-1420).xlsx,149525,,Linden Blvd,Logan St,Fountain Ave,WB,3,12/27/2019,2019,Dec,Q4,Fri,Weekday,13:55:00,14:20:00,Dry - Clear,30,Two - Way,32',3,0,11,27,18.34,13,18,25,2019Q4
128851_EB_raw_counts(128851 1425-1455).xlsx,9008188,,Linden Blvd,Lincoln Ave,Eldert Ln,EB,3,12/27/2019,2019,Dec,Q4,Fri,Weekday,14:25:00,14:55:00,Dry - Clear,30,Two - Way,32',3,0,10,40,25.75,15,26.5,35,2019Q4
128852_NB_raw_counts(128852 1119-1140).xlsx,29652,,Bedford Ave,Park Pl,Sterling Pl,NB,3,12/27/2019,2019,Dec,Q4,Fri,Weekday,11:19:00,11:40:00,Dry - Clear,25,Two - Way,25',1,1,10,34,20,12,19.5,28.1,2019Q4
128853_NB_raw_counts(128853 1100-1110).xlsx,29582,,Bedford Ave,Madison St,Monroe St,NB,3,12/27/2019,2019,Dec,Q4,Fri,Weekday,11:00:00,11:10:00,Dry - Clear,25,Two - Way,50',2,2,12,37,22.56,15,22,30,2019Q4
128854_WB_raw_counts(128854 1100-1140).xlsx,149554,,Jamaica Ave,225th St,224th St,WB,4,12/27/2019,2019,Dec,Q4,Fri,Weekday,11:00:00,11:40:00,Dry - Clear,25,Two - Way,32',2,1,18,43,28.79,19,29,39,2019Q4
128855_EB_raw_counts(128855 1150-1225).xlsx,144394,,Jericho Turnpike,245th St,246th St,EB,4,12/27/2019,2019,Dec,Q4,Fri,Weekday,11:50:00,12:25:00,Dry - Clear,25,Two - Way,30',2,1,19,40,26.46,20,26,34.05,2019Q4
128856_WB_raw_counts(128856 1238-1256).xlsx,152651,,Jericho Turnpike,Little Neck Pkwy,Remsen Ln,WB,4,12/27/2019,2019,Dec,Q4,Fri,Weekday,12:38:00,12:56:00,Dry - Clear,25,Two - Way,35',2,1,18,47,27.23,21,26.5,37.05,2019Q4
128857_EB_raw_counts(128857 1100-1131).xlsx,67388,,Northen Blvd,40th Rd,40th Ave,EB,4,12/27/2019,2019,Dec,Q4,Fri,Weekday,11:00:00,11:31:00,Dry - Clear,25,Two - Way,30',2,1,21,51,31.54,24,31,39.1,2019Q4
128858_WB_raw_counts(128858 1150-1230).xlsx,67745,,Northen Blvd,42nd St,42nd Pl,WB,4,12/27/2019,2019,Dec,Q4,Fri,Weekday,11:50:00,12:30:00,Dry - Clear,25,Two - Way,30',2,1,18,35,25.65,19,26,32.05,2019Q4
128859_EB_raw_counts(128859 1250-1330).xlsx,68081,,Northen Blvd,Newtown Rd,50th St,EB,4,12/27/2019,2019,Dec,Q4,Fri,Weekday,12:50:00,13:20:00,Dry - Clear,25,Two - Way,29',3,0,17,37,26.5,19,26,33,2019Q4
128860_WB_raw_counts(128860 1353-1417).xlsx,83113,,Northen Blvd,99th St,98th St,WB,4,12/27/2019,2019,Dec,Q4,Fri,Weekday,13:53:00,14:17:00,Dry - Clear,30,Two - Way,30',2,1,19,46,32.16,22,31,41.15,2019Q4
128861_EB_raw_counts(128861 1332-1348).xlsx,83566,,Northen Blvd,114th St,112th St,EB,4,12/27/2019,2019,Dec,Q4,Fri,Weekday,13:32:00,13:48:00,Dry - Clear,30,Two - Way,30',2,1,16,50,27.74,19,27,41,2019Q4
128862_EB_raw_counts(128862 1301-1319).xlsx,84027,,Northen Blvd SR South,126th Pl,127th St,EB,4,12/27/2019,2019,Dec,Q4,Fri,Weekday,13:01:00,13:19:00,Dry - Clear,30,Two - Way,50',3,1,3,50,27.86,19,27,43,2019Q4
128863_WB_raw_counts(128863 1200-1223).xlsx,147081,,Northern Blvd,Union St,Bowne St,WB,4,12/27/2019,2019,Dec,Q4,Fri,Weekday,12:00:00,12:23:00,Dry - Clear,30,Two - Way,32',2,1,15,38,26.64,19,27,32.05,2019Q4
128864_WB_raw_counts(128864 1154-1227).xlsx,91540,,Northern Boulevard, ,147 St,WB,4,12/27/2019,2019,Dec,Q4,Fri,Weekday,11:54:00,12:27:00,Dry - Clear,25,Two - Way,30',2,1,10,52,23.74,12,22,40,2019Q4
128865_EB_raw_counts(128865 1128-1151).xlsx,91826,,Northern Boulevard,155 St,156 St,EB,4,12/27/2019,2019,Dec,Q4,Fri,Weekday,11:28:00,11:51:00,Dry - Clear,25,Two - Way,30',2,1,5,51,27.36,15.95,27.5,40.05,2019Q4
128866_WB_raw_counts(128866 1038-1120).xlsx,116882,,Northern Boulevard,166 St,165 St,WB,4,12/27/2019,2019,Dec,Q4,Fri,Weekday,10:38:00,11:20:00,Dry - Clear,25,Two - Way,30',2,1,16,55,28.94,18.95,28,41.05,2019Q4
128867_NB_raw_counts(128867 1100-1120).xlsx,150258,,Grand Concourse,E 153rd St,E 151st St,NB,2,12/27/2019,2019,Dec,Q4,Fri,Weekday,11:00:00,11:20:00,Dry - Clear,25,Two - Way,32',2,1,15,36,24.59,17.95,25,30.05,2019Q4
128868_SB_raw_counts(128868 1130-1150).xlsx,262459,,Grand Concourse,E 162nd St,E 161st St,SB,2,12/27/2019,2019,Dec,Q4,Fri,Weekday,11:30:00,11:50:00,Dry - Clear,25,Two - Way,35',3,0,17,45,25.77,20,25.5,33,2019Q4
128869_NB_raw_counts(128869 1200-1232).xlsx,174436,,Grand Concourse,176th St,175th St,NB,2,12/27/2019,2019,Dec,Q4,Fri,Weekday,12:00:00,12:32:00,Dry - Clear,25,Two - Way,20',2,0,17,32,24.02,19,24,30,2019Q4
128870_SB_raw_counts(128870 1240-1315).xlsx,176250,,Grand Concourse,E 182nd St,E 181st St,SB,2,12/27/2019,2019,Dec,Q4,Fri,Weekday,12:40:00,13:15:00,Dry - Clear,25,Two - Way,20',2,0,16,38,24.26,19,24,30,2019Q4
128871_NB_raw_counts(128871 1320-1349).xlsx,8103806,,Grand Concourse,E Kingsbridge Road,E 193rd St,NB,2,12/27/2019,2019,Dec,Q4,Fri,Weekday,13:20:00,13:49:00,Dry - Clear,25,Two - Way,20',2,0,14,41,24.24,18,24,32.05,2019Q4
128872_SB_raw_counts(128872 1354-1420).xlsx,176360,,Grand Concourse,Bedford Park Blvd,E 199th St,SB,2,12/27/2019,2019,Dec,Q4,Fri,Weekday,13:54:00,14:20:00,Dry - Clear,25,Two - Way,20',2,0,15,35,22.81,17.95,22,30.05,2019Q4
129219_WB_raw_counts(129219 0800-0900).xlsx,9005428,,Hill St,Dead End,Warren St,WB,5,1/30/2020,2020,Jan,Q1,Thu,Weekday,08:00:00,09:00:00,Sunny,,,24',1,1,10,22,14.95121951,10,14,20,2020Q1
129219_WB_raw_counts(129219 1200-1300).xlsx,9005428,,Hill St,Dead End,Warren St,WB,5,1/30/2020,2020,Jan,Q1,Thu,Weekday,12:00:00,13:00:00,Sunny,,,24',1,1,5,25,12.61904762,5,12,21,2020Q1
129219_WB_raw_counts(129219 2000-2100).xlsx,9005428,,Hill St,Dead End,Warren St,WB,5,1/30/2020,2020,Jan,Q1,Thu,Weekday,20:00:00,21:00:00,,,,24',1,1,10,25,16.15789474,11,15,22.3,2020Q1
129220_EB_raw_counts(129220 0800-0900).xlsx,9005428,,Hill St,Dead End,Warren St,EB,5,1/30/2020,2020,Jan,Q1,Thu,Weekday,08:00:00,09:00:00,,,,19',1,0,10,20,13.5,10.05,13,17.95,2020Q1
129220_EB_raw_counts(129220 1200-1300).xlsx,9005428,,Hill St,Dead End,Warren St,EB,5,1/30/2020,2020,Jan,Q1,Thu,Weekday,12:00:00,13:00:00,Sunny,,,19',1,0,5,20,12.625,7.25,12.5,19.25,2020Q1
129220_EB_raw_counts(129220 2000-2100).xlsx,9005428,,Hill St,Dead End,Warren St,EB,5,1/30/2020,2020,Jan,Q1,Thu,Weekday,20:00:00,21:00:00,,,,19',1,0,10,25,13.83333333,10,14,19.7,2020Q1
129349_WB_raw_counts(129349 1300-1335).xlsx,16353,,Victory Blvd,Corson Ave,Brook St,WB,5,1/17/2020,2020,Jan,Q1,Fri,Weekday,13:00:00,13:35:00,Dry - Clear,25,Two - Way,17'3'',1,1,12,41,23.01,16.95,23,30.1,2020Q1
129350_EB_raw_counts(129350 1100-1124).xlsx,118533,,Victory Blvd,Eddy St,Forest Ave,EB,5,1/17/2020,2020,Jan,Q1,Fri,Weekday,11:00:00,11:24:00,Dry - Clear,25,Two - Way,19',1,1,18,36,27.18,20.95,27,34.05,2020Q1
129351_WB_raw_counts(129351 1130-1150).xlsx,112425,,Victory Blvd,Silver Lake Park Rd,Highland Ave,WB,5,1/17/2020,2020,Jan,Q1,Fri,Weekday,11:30:00,11:50:00,Dry - Clear,25,Two - Way,19',1,1,17,42,27.58,20,28,36.05,2020Q1
129352_EB_raw_counts(129352 1153-1214).xlsx,12724,,Victory Blvd,Little Clove Rd,Albert St,EB,5,1/17/2020,2020,Jan,Q1,Fri,Weekday,11:53:00,12:14:00,Dry - Clear,25,Two - Way,23',1,1,11,40,25.61,18,26,37.05,2020Q1
129353_WB_raw_counts(129353 1219-1240).xlsx,9573,,Victory Blvd,Quinlan Ave,Perry Ave,WB,5,1/17/2020,2020,Jan,Q1,Fri,Weekday,12:19:00,12:40:00,Dry - Clear,25,Two - Way,19',1,1,12,34,20.73,15,20,27.05,2020Q1
129354_NB_raw_counts(129354 1409-1431).xlsx,25681,,Coney Island Ave,Brighton 10th St,Ocean View Ave,NB,3,1/17/2020,2020,Jan,Q1,Fri,Weekday,14:09:00,14:31:00,Dry - Clear,25,Two - Way,28'8'',2,1,11,32,19.55,13.95,19,26,2020Q1
129355_SB_raw_counts(129355 1404-1435).xlsx,145540,,Coney Island Ave,Avenue Z,Belt Pkwy,SB,3,1/17/2020,2020,Jan,Q1,Fri,Weekday,14:04:00,14:35:00,Dry - Clear,25,Two - Way,21'9'',2,0,20,51,31.6,24.95,31,41.05,2020Q1
129356_NB_raw_counts(129356 1355-1419).xlsx,25816,,Coney Island Ave,Avenue V,Avenue U,NB,3,1/17/2020,2020,Jan,Q1,Fri,Weekday,13:55:00,14:19:00,Dry - Clear,25,Two - Way,32',2,1,11,30,18.58,12,18,28,2020Q1
129357_SB_raw_counts(129357 1230-1253).xlsx,157742,,Pennsylvania Ave,Freeport Loop,Freeport Loop,SB,3,1/17/2020,2020,Jan,Q1,Fri,Weekday,12:30:00,12:53:00,Dry - Clear,25,Two - Way,39',3,1,11,36,21.07,13,22,30.05,2020Q1
129358_NB_raw_counts(129358 1230-1250).xlsx,150569,,Pennsylvania Ave,Stanley Ave,Linden Blvd,NB,3,1/17/2020,2020,Jan,Q1,Fri,Weekday,12:30:00,12:50:00,Dry - Clear,25,Two - Way,32'2'',2,1,11,41,21.85,13,21,33,2020Q1
129359_SB_raw_counts(129359 1230-1247).xlsx,47548,,Pennsylvania Ave,Sutter Ave,Blake Ave,SB,3,1/17/2020,2020,Jan,Q1,Fri,Weekday,12:30:00,12:47:00,Dry - Clear,25,Two - Way,28'3'',2,1,12,35,22.91,14,23,30,2020Q1
129360_NB_raw_counts(129360 1216-1230).xlsx,168381,,Pennsylvania Ave,Atlantic Ave,Fulton St,NB,3,1/17/2020,2020,Jan,Q1,Fri,Weekday,12:16:00,12:30:00,Dry - Clear,25,Two - Way,28'9'',2,1,10,23,14.98,11,15,20,2020Q1
129361_WB_raw_counts(129361 1100-1140).xlsx,51053,,Rockaway Blvd,78th St,77th St,WB,4,1/17/2020,2020,Jan,Q1,Fri,Weekday,11:00:00,11:40:00,Dry - Clear,25,Two - Way,21'6'',1,1,15,38,25.91,19,26,33,2020Q1
129362_EB_raw_counts(129362 1100-1145).xlsx,112696,,Rockaway Blvd,89th St,90th St,EB,4,1/17/2020,2020,Jan,Q1,Fri,Weekday,11:00:00,11:45:00,Dry - Clear,25,Two - Way,22'9'',1,1,15,38,24.84,20,25,29,2020Q1
129363_WB_raw_counts(129363 1100-1140).xlsx,51984,,Rockaway Blvd,99th St,98th St,WB,4,1/17/2020,2020,Jan,Q1,Fri,Weekday,11:00:00,11:40:00,Dry - Clear,25,Two - Way,30',2,1,13,41,24.53,14,24,38.1,2020Q1
129364_EB_raw_counts(129364 1100-1200).xlsx,54787,,Rockaway Blvd,113th Blvd,114th Blvd,EB,4,1/17/2020,2020,Jan,Q1,Fri,Weekday,11:00:00,12:00:00,Dry - Clear,25,Two - Way,30',2,1,13,41,24.53,14,24,38.1,2020Q1
129365_WB_raw_counts(129365 1100-1150).xlsx,55305,,Rockaway Blvd,128th St,127th St,WB,4,1/16/2020,2020,Jan,Q1,Thu,Weekday,11:00:00,11:50:00,Dry - Clear,25,Two - Way,31',2,1,11,28,17.66,12,18,24,2020Q1
129366_SB_raw_counts(129366 1200-1300).xlsx,129870,,21st St,21st Ave,21st Rd,SB,4,1/16/2020,2020,Jan,Q1,Thu,Weekday,12:00:00,13:00:00,Dry - Clear,25,Two - Way,"23'11""",1,1,17,33,23.06060606,17,23,30,2020Q1
129367_NB_raw_counts(129367 1200-1235).xlsx,68640,,21st St,27th Ave,26th Rd,NB,4,1/16/2020,2020,Jan,Q1,Thu,Weekday,12:00:00,12:35:00,Dry - Clear,25,Two - Way,"29'2""",2,1,13,37,22.17,15,21.5,31,2020Q1
129368_SB_raw_counts(129368 1100-1145).xlsx,267097,,21st St,33rd Rd,34th Ave,SB,4,1/16/2020,2020,Jan,Q1,Thu,Weekday,11:00:00,11:45:00,Dry - Clear,25,Two - Way,28',2,1,18,45,28.59,22,29,37,2020Q1
129369_NB_raw_counts(129369 1100-1140).xlsx,67156,,21st St,41st Ave,40th Ave,NB,4,1/16/2020,2020,Jan,Q1,Thu,Weekday,11:00:00,11:40:00,Dry - Clear,25,Two - Way,"29'3""",2,1,13,37,23.3,14,23,31.05,2020Q1
129370_NB_raw_counts(129370 1100-1120).xlsx,32039,,10th Ave,W 15th St,W 16th St,NB,1,1/16/2020,2020,Jan,Q1,Thu,Weekday,11:00:00,11:20:00,Dry - Clear,25,One - Way,"58'9""",4,2,14,35,21.61,15,21,28.05,2020Q1
129371_NB_raw_counts(129371 1100-1113).xlsx,227820,,10th Ave,W 23rd St,W 24th St,NB,1,1/16/2020,2020,Jan,Q1,Thu,Weekday,11:00:00,11:13:00,Dry - Clear,25,One - Way,69',4,2,10,43,21.16,12.95,19,35,2020Q1
129372_NB_raw_counts(129372 1100-1136).xlsx,106059,,10th Ave,W 31st St,W 33rd St,NB,1,1/16/2020,2020,Jan,Q1,Thu,Weekday,11:00:00,11:36:00,Dry - Clear,25,One - Way,60',4,2,7,31,21.24,12,21,30,2020Q1
129373_NB_raw_counts(129373 1100-1200).xlsx,33752,,10th Ave,W 42nd St,W 43rd St,NB,1,1/16/2020,2020,Jan,Q1,Thu,Weekday,11:00:00,12:00:00,Dry - Clear,25,One - Way,60',4,2,10,31,15.73,10,15,25.05,2020Q1
129374_NB_raw_counts(129374 1156-1210).xlsx,33994,,10th Ave,W 57th St,W 58th St,NB,1,1/16/2020,2020,Jan,Q1,Thu,Weekday,11:56:00,12:10:00,Dry - Clear,25,One - Way,60',4,2,10,26,13.68,10,13,19,2020Q1
129375_WB_raw_counts(129375 1243-1311).xlsx,166341,,W 125th St,Broadway,St Clair Pl,WB,1,1/16/2020,2020,Jan,Q1,Thu,Weekday,12:43:00,13:11:00,Dry - Clear,25,Two - Way,"29'5""",2,1,11,32,23.38,16.95,23,30,2020Q1
129376_EB_raw_counts(129376 1230-1305).xlsx,38630,,W 125th St,Morningside Ave,St Nicholas Ave,EB,1,1/16/2020,2020,Jan,Q1,Thu,Weekday,12:30:00,13:05:00,Dry - Clear,25,Two - Way,29',1,1,12,26,16.64,13,16,21,2020Q1
129377_NB_raw_counts(129377 1300-1400).xlsx,9002360,,Third Ave,E 140th St,E 141th St,NB,2,1/16/2020,2020,Jan,Q1,Thu,Weekday,13:00:00,14:00:00,Dry - Clear,25,Two - Way,25',1,1,7,25,17.2,11.95,17,23,2020Q1
129378_SB_raw_counts(129378 1300-1340).xlsx,70401,,Third Ave,E 157th St,E 156th St,SB,2,1/16/2020,2020,Jan,Q1,Thu,Weekday,13:00:00,13:40:00,Dry - Clear,25,Two - Way,25',2,1,10,26,16.25,10,16,22.05,2020Q1
129680_NB_raw_counts(129680 1100-1120).xlsx,70606,,Third Ave,E 164th St,Weiher Ct,NB,2,2/5/2020,2020,Feb,Q1,Wed,Weekday,11:00:00,11:20:00,Dry - Clear,25,Two - Way,24',1,1,11,26,16.68,11.95,16,23.05,2020Q1
129681_SB_raw_counts(129681 1130-1154).xlsx,266042,,Third Ave,E 171st St,St Pauls PL,SB,2,2/5/2020,2020,Feb,Q1,Wed,Weekday,11:30:00,11:54:00,Dry - Clear,25,Two - Way,24',1,1,11,29,17,12,16,24,2020Q1
129682_NB_raw_counts(129682 1204-1225).xlsx,78698,,Third Ave,E 178th St,E 179th St,NB,2,2/5/2020,2020,Feb,Q1,Wed,Weekday,12:04:00,12:25:00,Dry - Clear,25,Two - Way,29',2,1,12,33,19.09,13,19,27.05,2020Q1
129683_EB_raw_counts(129683 1100-1127).xlsx,69288,,East 125th St,3rd Ave,2nd Ave,EB,1,2/5/2020,2020,Feb,Q1,Wed,Weekday,11:00:00,11:27:00,Dry - Clear,25,Two - Way,34',2,1,3,50,20.84,14,19,32,2020Q1
129684_WB_raw_counts(129684 1134-1155).xlsx,9017012,,West 125th St,5th Ave,Lenox Ave,WB,1,2/5/2020,2020,Feb,Q1,Wed,Weekday,11:34:00,11:55:00,Dry - Clear,25,Two - Way,28',2,1,9,33,17.44,12,16,30,2020Q1
129685_NB_raw_counts(129685 1252-1320).xlsx,36814,,21st St,49th Ave,47th Rd,NB,4,2/5/2020,2020,Feb,Q1,Wed,Weekday,12:52:00,13:20:00,Dry - Clear,25,Two - Way,20',1,1,15,50,22.34,16,20,31.15,2020Q1
129686_SB_raw_counts(129686 1219-1246).xlsx,127632,,21st St,43rd Ave,44th Ave,SB,4,2/5/2020,2020,Feb,Q1,Wed,Weekday,12:19:00,12:46:00,Dry - Clear,25,Two - Way,24',2,1,14,38,21.7,16,20,30,2020Q1
129687_WB_raw_counts(129687 1340-1411).xlsx,58810,,Rockaway Blvd,Inwood St,145th St,WB,4,2/5/2020,2020,Feb,Q1,Wed,Weekday,13:40:00,14:11:00,Dry - Clear,25,Two - Way,34',2,1,12,37,27.66,18.95,28,35.05,2020Q1
129688_EB_raw_counts(129688 1300-1330).xlsx,136201,,Rockaway Blvd,148th Ave,175th St,EB,4,2/5/2020,2020,Feb,Q1,Wed,Weekday,13:00:00,13:30:00,Dry - Clear,40,Two - Way,32',3,0,28,56,39.59,33,39,47.05,2020Q1
129689_WB_raw_counts(129689 1200-1300).xlsx,136182,,Rockaway Blvd,Eastern Rd,Brookville Blvd,WB,4,2/5/2020,2020,Feb,Q1,Wed,Weekday,12:00:00,13:00:00,Dry - Clear,40,Two - Way,32',3,0,27,63,39.62,31,38.5,51.05,2020Q1
129690_NB_raw_counts(129690 1100-1200).xlsx,135740,,Rockaway Blvd,Brookville Blvd,1st St,NB,4,2/5/2020,2020,Feb,Q1,Wed,Weekday,11:00:00,12:00:00,Dry - Clear,40,Two - Way,30',3,0,22,63,36.71,26,36,48,2020Q1
129691_WB_raw_counts(129691 1355-1428).xlsx,8838,,Victory Blvd,Collfield Ave,Bryson Ave,WB,5,2/5/2020,2020,Feb,Q1,Wed,Weekday,13:55:00,14:28:00,Dry - Clear,30,Two - Way,20',1,1,18,43,30.73,21.95,31,39.05,2020Q1
129692_EB_raw_counts(129692 1326-1348).xlsx,110824,,Victory Blvd,Goller Place,Willowbrook Park Boundary,EB,5,2/5/2020,2020,Feb,Q1,Wed,Weekday,13:26:00,13:48:00,Dry - Clear,30,Two - Way,20',2,0,18,42,31.07,24.95,31,39,2020Q1
129693_WB_raw_counts(129693 1244-1318).xlsx,5276,,Victory Blvd,Lisa Pl,Graham Ave,WB,5,2/5/2020,2020,Feb,Q1,Wed,Weekday,12:44:00,13:18:00,Dry - Clear,30,Two - Way,25',1,1,14,40,27.02,17.95,27,35,2020Q1
129694_EB_raw_counts(129694 1205-1239).xlsx,4769,,Victory Blvd,Ridgeway Ave,Baron Blvd,EB,5,2/5/2020,2020,Feb,Q1,Wed,Weekday,12:05:00,12:39:00,Dry - Clear,25,Two - Way,9',1,0,13,36,26.4,16.95,27,34,2020Q1
129695_WB_raw_counts(129695 1100-1200).xlsx,2467,,Victory Blvd,Feldmeyers Ln,Crabbs Ln,WB,5,2/5/2020,2020,Feb,Q1,Wed,Weekday,11:00:00,12:00:00,Dry - Clear,25,Two - Way,15',1,0,10,69,29.51428571,16.5,28,45.3,2020Q1
129703_EB_raw_counts(129703 0800-0845).xlsx,70991,,W 181st St ,Pinehurst Ave,Ft Washington Ave,EB,1,2/14/2020,2020,Feb,Q1,Fri,Weekday,08:00:00,08:45:00,Dry - Clear,25,Two - Way,20',1,1,11,28,18.78,12.95,19,23.05,2020Q1
129703_EB_raw_counts(129703 1200-1300).xlsx,70991,,W 181st St ,Pinehurst Ave,Ft Washington Ave,EB,1,2/14/2020,2020,Feb,Q1,Fri,Weekday,12:00:00,13:00:00,Dry - Clear,25,Two - Way,20',1,1,12,25,17.45614035,12,18,22.2,2020Q1
129703_EB_raw_counts(129703 2000-2032).xlsx,70991,,W 181st St ,Pinehurst Ave,Ft Washington Ave,EB,1,2/14/2020,2020,Feb,Q1,Fri,Weekday,20:00:00,20:32:00,Dry - Clear,25,Two - Way,20',1,1,11,27,17.1,12,18,22,2020Q1
129704_WB_raw_counts(129704 0800-0840).xlsx,70987,,W 181st St ,Ft Washington Ave,Pinehurst Ave,WB,1,2/14/2020,2020,Feb,Q1,Fri,Weekday,08:00:00,08:40:00,Dry - Clear,25,Two - Way,20',1,1,12,25,18.16,12,19,22.05,2020Q1
129704_WB_raw_counts(129704 1200-1300).xlsx,70987,,W 181st St ,Ft Washington Ave,Pinehurst Ave,WB,1,2/14/2020,2020,Feb,Q1,Fri,Weekday,12:00:00,13:00:00,Dry - Clear,25,Two - Way,20',1,1,12,23,18.03076923,13,19,22,2020Q1
129704_WB_raw_counts(129704 2000-2100).xlsx,70987,,W 181st St ,Ft Washington Ave,Pinehurst Ave,WB,1,2/14/2020,2020,Feb,Q1,Fri,Weekday,20:00:00,21:00:00,Dry - Clear,25,Two - Way,20',1,1,12,27,18.24561404,13,18,23,2020Q1
130433_EB_raw_counts(130433 - 0800-0900 Before Crosswalk).xlsx,80065,,BRIGGS AVENUE,EAST KINGSBRIDGE ROAD,E 194th St,EB,2,10/27/2020,2020,Oct,Q4,Tue,Weekday,08:00:00,09:00:00,Dry - Clear,25,,24',2,0,11,22,15.74074074,11,16,19.7,2020Q4
130433_EB_raw_counts(130433 - 1200-1300 Before Crosswalk).xlsx,80065,,BRIGGS AVENUE,EAST KINGSBRIDGE ROAD,E 194th St,EB,2,10/27/2020,2020,Oct,Q4,Tue,Weekday,12:00:00,13:00:00,Dry - Clear,25,,24',2,0,11,19,15,11,16,19,2020Q4
130433_EB_raw_counts(130433 - 2000-2100 Before Crosswalk).xlsx,80065,,BRIGGS AVENUE,EAST KINGSBRIDGE ROAD,E 194th St,EB,2,10/27/2020,2020,Oct,Q4,Tue,Weekday,20:00:00,21:00:00,Dry - Clear,25,,24',2,0,11,20,14.14285714,11,13.5,18.7,2020Q4
130434_EB_raw_counts(130434 - 0800-0900 After Crosswalk).xlsx,113576,,BRIGGS AVENUE,EAST KINGSBRIDGE ROAD,E 194th St,EB,2,10/27/2020,2020,Oct,Q4,Tue,Weekday,08:00:00,09:00:00,Dry - Clear,25,,24',2,0,4,14,9.592592593,5.3,10,13,2020Q4
130434_EB_raw_counts(130434 - 1200-1300 After Crosswalk).xlsx,113576,,BRIGGS AVENUE,EAST KINGSBRIDGE ROAD,E 194th St,EB,2,10/27/2020,2020,Oct,Q4,Tue,Weekday,12:00:00,13:00:00,Dry - Clear,25,,24',2,0,4,14,10.19047619,5,12,14,2020Q4
130434_EB_raw_counts(130434 - 2000-2100 After Crosswalk).xlsx,113576,,BRIGGS AVENUE,EAST KINGSBRIDGE ROAD,E 194th St,EB,2,10/27/2020,2020,Oct,Q4,Tue,Weekday,20:00:00,21:00:00,Dry - Clear,25,,24',2,0,7,15,10.57142857,7.65,10,14.35,2020Q4
134756_NB_raw_counts(134756 NB).xlsx,155674,,SPRINGFIELD BLVD,143rd Ave,143rd Rd,NB,4,5/12/2021,2021,May,Q2,Wed,Weekday,12:04PM,12:47PM,Dry - Clear,25 MPH,Two - Way,30 ft.,2,1,12,33,20.77,13,22,28,2021Q2
134757_SB_raw_counts(134757 SB).xlsx,149426,,SPRINGFIELD BLVD,143rd Ave,143rd Rd,SB,4,5/12/2021,2021,May,Q2,Wed,Weekday,12:02PM,12:45PM,Dry - Clear,25 MPH,Two - Way,28 ft.,2,0,13,35,19.5,13,19,28,2021Q2
134758_SB_raw_counts(134758 SB).xlsx,148959,,SPRINGFIELD BLVD,136rd Ave,136rd Rd,SB,4,5/12/2021,2021,May,Q2,Wed,Weekday,12:10PM,12:58PM,Dry - Clear,25 MPH,Two - Way,34 ft.,2,1,13,39,28.18,19.95,28,38,2021Q2
134759_NB_raw_counts(134759 NB).xlsx,156289,,SPRINGFIELD BLVD,136rd Ave,136rd Rd,NB,4,5/12/2021,2021,May,Q2,Wed,Weekday,12:15PM,1:03PM,Dry - Clear,25 MPH,Two - Way,34 ft.,2,1,13,39,27.72,19.95,28,36,2021Q2
135205_NB_raw_counts(21-360046 - 135205 NB).xlsx,80200,,Briggs Ave,E 196th St,E 197th St,NB,2,5/4/2021,2021,May,Q2,Tue,Weekday,11:02AM,12:22PM,Dry - Clear,15 MPH,One - Way,30 ft.,1,2,9,22,15.88,11,16,20,2021Q2
135208_NB_raw_counts(21-360048 - 135208 NB).xlsx,77404,,Fox St,Longwood Ave,Intervale Ave,NB,2,5/26/2021,2021,May,Q2,Wed,Weekday,11:00AM,12:55PM,Dry - Clear,15 MPH,One - Way,32 ft.,1,2,6,24,14.73,9.9,15,20,2021Q2
135223_NB_raw_counts(21-360052- 135223 NB 1 - 8am).xlsx,75992,,75th St,25th Ave,30th Ave,NB,4,8/3/2021,2021,Aug,Q3,Tue,Weekday,8:00AM,9:00AM,Dry - Clear,15MPH,Two - Way,34 ft.,2,2,5,14,7.515151515,5,7,12,2021Q3
135223_NB_raw_counts(21-360052- 135223 NB 2 - 12pm).xlsx,75992,,75th St,25th Ave,30th Ave,NB,4,8/3/2021,2021,Aug,Q3,Tue,Weekday,12:00PM,13:00PM,Dry - Clear,15MPH,Two - Way,34 ft.,2,2,5,14,7.692307692,5,7,13,2021Q3
135223_NB_raw_counts(21-360052- 135223 NB 3 - 8pm).xlsx,75992,,75th St,25th Ave,30th Ave,NB,4,8/3/2021,2021,Aug,Q3,Tue,Weekday,20:00PM,21:00PM,Dry - Clear,15MPH,Two - Way,34 ft.,2,2,5,15,7.215686275,5,6,12.5,2021Q3
135223_SB_raw_counts(21-360052 - 135223 SB 1 - 8am).xlsx,75992,,75th St,25th Ave,30th Ave,SB,4,5/25/2021,2021,May,Q2,Tue,Weekday,8:00AM,8:23AM,Dry - Clear,15 MPH,Two - Way,34 ft.,2,2,6,22,13.55,6.95,14,21.05,2021Q2
135223_SB_raw_counts(21-360052 - 135223 SB 2 - 12pm).xlsx,75992,,75th St,25th Ave,30th Ave,SB,4,5/25/2021,2021,May,Q2,Tue,Weekday,12:00PM,12:20PM,Dry - Clear,15 MPH,Two - Way,34 ft.,2,2,6,24,14.88,7.95,15,22.05,2021Q2
135223_SB_raw_counts(21-360052 - 135223 SB 3 - 8pm).xlsx,75992,,75th St,25th Ave,30th Ave,SB,4,5/25/2021,2021,May,Q2,Tue,Weekday,8:00PM,8:25PM,Dry - Clear,15 MPH,Two - Way,34 ft.,2,2,5,31,17.04,8,17,24.1,2021Q2
135224_NB_raw_counts(21-360052- 135224 NB 1 - 8am).xlsx,75992,,75th St,25th Ave,30th Ave,NB,4,8/3/2021,2021,Aug,Q3,Tue,Weekday,8:00AM,9:00AM,Dry - Clear,15MPH,Two - Way,34 ft.,2,2,7,19,11.33846154,7,10,17,2021Q3
135224_NB_raw_counts(21-360052- 135224 NB 2 - 12pm).xlsx,75992,,75th St,25th Ave,30th Ave,NB,4,8/3/2021,2021,Aug,Q3,Tue,Weekday,12:00PM,13:00PM,Dry - Clear,15MPH,Two - Way,34 ft.,2,2,5,20,11.48076923,7,10,18,2021Q3
135224_NB_raw_counts(21-360052- 135224 NB 3 - 8pm).xlsx,75992,,75th St,25th Ave,30th Ave,NB,4,8/3/2021,2021,Aug,Q3,Tue,Weekday,20:00PM,21:00PM,Dry - Clear,15MPH,Two - Way,34 ft.,2,2,7,18,10.86538462,7,10,16.45,2021Q3
135224_SB_raw_counts(21-360052 - 135224 SB 1 - 8am).xlsx,75992,,75th St,25th Ave,30th Ave,SB,4,5/25/2021,2021,May,Q2,Tue,Weekday,8:00AM,8:23AM,Dry - Clear,15 MPH,Two - Way,34 ft.,2,2,6,21,14.53,8,14,21,2021Q2
135224_SB_raw_counts(21-360052 - 135224 SB 2 - 12pm).xlsx,75992,,75th St,25th Ave,30th Ave,SB,4,5/25/2021,2021,May,Q2,Tue,Weekday,12:00PM,12:20PM,Dry - Clear,15 MPH,Two - Way,34 ft.,2,2,6,24,15.69,8,16,22,2021Q2
135224_SB_raw_counts(21-360052 - 135224 SB 3 - 8pm).xlsx,75992,,75th St,25th Ave,30th Ave,SB,4,5/25/2021,2021,May,Q2,Tue,Weekday,8:00PM,8:25PM,Dry - Clear,15 MPH,Two - Way,34 ft.,2,2,9,28,18,12,18,23.05,2021Q2
135231_SB_raw_counts(21-360053 - 135231 SB 1 - 8am).xlsx,163552,,E 5th St,Greenwood Ave,Fort Hamilton Pkwy,SB,3,5/27/2021,2021,May,Q2,Thu,Weekday,8:00AM,8:25AM,Dry - Clear,15 MPH,One - Way,30 ft.,1,2,6,29,14.43,7,14,23.05,2021Q2
135231_SB_raw_counts(21-360053 - 135231 SB 2 - 12pm).xlsx,163552,,E 5th St,Greenwood Ave,Fort Hamilton Pkwy,SB,3,5/27/2021,2021,May,Q2,Thu,Weekday,12:00PM,12:24PM,Dry - Clear,15 MPH,One - Way,30 ft.,1,2,8,31,16.12,9,16,24.05,2021Q2
135231_SB_raw_counts(21-360053 - 135231 SB 3 - 630pm).xlsx,163552,,E 5th St,Greenwood Ave,Fort Hamilton Pkwy,SB,3,5/27/2021,2021,May,Q2,Thu,Weekday,6:30PM,6:51PM,Dry - Clear,15 MPH,One - Way,30 ft.,1,2,6,31,14.72,9,15,22,2021Q2
135232_SB_raw_counts(21-360053 - 135232 SB 1 - 8am).xlsx,260423,,E 5th St,Fort Hamilton Pkwy,Caton Ave,SB,3,5/27/2021,2021,May,Q2,Thu,Weekday,8:00AM,8:25AM,Dry - Clear,15 MPH,One - Way,30 ft.,1,2,6,26,15.06,9,15,22,2021Q2
135232_SB_raw_counts(21-360053 - 135232 SB 2 - 12pm).xlsx,260423,,E 5th St,Fort Hamilton Pkwy,Caton Ave,SB,3,5/27/2021,2021,May,Q2,Thu,Weekday,12:00PM,12:24PM,Dry - Clear,15 MPH,One - Way,30 ft.,1,2,8,28,16.02,9.95,16,23.05,2021Q2
135232_SB_raw_counts(21-360053 - 135232 SB 3 - 630pm).xlsx,260423,,E 5th St,Fort Hamilton Pkwy,Caton Ave,SB,3,5/27/2021,2021,May,Q2,Thu,Weekday,6:30PM,6:51PM,Dry - Clear,15 MPH,One - Way,30 ft.,1,2,8,26,14.69,9.95,14,22,2021Q2
135707_WB_raw_counts(21-360086- 135707 WB).xlsx,35636,,Driggs Avenue,Diamond St,Newel St,WB,3,6/29/2021,2021,Jun,Q2,Tue,Weekday,10:00AM,11:00AM,Dry - Clear,15 MPH,One - Way,30 ft.,1,2,5,30,13.20779221,5,13,19.2,2021Q2
135708_WB_raw_counts(21-360086- 135708 WB).xlsx,165324,,Driggs Avenue,Graham Ave,Newel St,WB,3,6/29/2021,2021,Jun,Q2,Tue,Weekday,10:00AM,11:00AM,Dry - Clear,15 MPH,One - Way,30 ft.,1,2,5,26,12.97402597,10,12,18.4,2021Q2
135720_EB_raw_counts(21-360095- 135720 EB 12PM).xlsx,30824,,Kosciuszko Street,Nostrand Ave,Bedford Ave,EB,3,6/29/2021,2021,Jun,Q2,Tue,Weekday,12:00PM,13:00PM,Dry - Clear,15 MPH,One - Way,34 ft.,1,2,10,31,17.72,10.4,18,28.8,2021Q2
135720_EB_raw_counts(21-360095- 135720 EB 19PM).xlsx,30824,,Kosciuszko Street,Nostrand Ave,Bedford Ave,EB,3,6/29/2021,2021,Jun,Q2,Tue,Weekday,19:00PM,20:00PM,Dry - Clear,15 MPH,One - Way,34 ft.,1,2,5,21,11.64705882,5,10,19.35,2021Q2
135720_EB_raw_counts(21-360095- 135720 EB 8AM).xlsx,30824,,Kosciuszko Street,Nostrand Ave,Bedford Ave,EB,3,6/29/2021,2021,Jun,Q2,Tue,Weekday,08:00AM,09:00AM,Dry - Clear,15 MPH,One - Way,34 ft.,1,2,5,25,12.45348837,10,10.5,17,2021Q2
135721_EB_raw_counts(21-360095- 135721 EB 12PM).xlsx,30824,,Kosciuszko Street,Nostrand Ave,Bedford Ave,EB,3,6/29/2021,2021,Jun,Q2,Tue,Weekday,12:00PM,13:00PM,Dry - Clear,15 MPH,One - Way,34 ft.,1,2,5,22,13.28,6,12,20,2021Q2
135721_EB_raw_counts(21-360095- 135721 EB 19PM).xlsx,30824,,Kosciuszko Street,Nostrand Ave,Bedford Ave,EB,3,6/29/2021,2021,Jun,Q2,Tue,Weekday,19:00PM,20:00PM,Dry - Clear,15 MPH,One - Way,34 ft.,1,2,8,24,16.20588235,10.6,16,22,2021Q2
135721_EB_raw_counts(21-360095- 135721 EB 8AM).xlsx,30824,,Kosciuszko Street,Nostrand Ave,Bedford Ave,EB,3,6/29/2021,2021,Jun,Q2,Tue,Weekday,08:00AM,09:00AM,Dry - Clear,15 MPH,One - Way,34 ft.,1,2,5,24,13.26373626,5.5,13,20,2021Q2
135724_WB_raw_counts(21-360097- 135724 WB 12PM).xlsx,132737,,Bedford Street,Downing St,6th Ave,WB,1,7/1/2021,2021,Jul,Q3,Thu,Weekday,12:00PM,12:48PM,Dry - Clear,15 MPH,One - Way,30 ft.,1,0,5,31,14.99,5,15,23,2021Q3
135724_WB_raw_counts(21-360097- 135724 WB 20PM).xlsx,132737,,Bedford Street,Downing St,6th Ave,WB,1,7/1/2021,2021,Jul,Q3,Thu,Weekday,20:00PM,21:00PM,Dry - Clear,15 MPH,One - Way,30 ft.,1,0,10,30,19.33333333,10,20,29,2021Q3
135724_WB_raw_counts(21-360097- 135724 WB 8AM).xlsx,132737,,Bedford Street,Downing St,6th Ave,WB,1,7/1/2021,2021,Jul,Q3,Thu,Weekday,8:00AM,8:45AM,Dry - Clear,15 MPH,One - Way,30 ft.,1,0,5,33,15.89,6,16,25.1,2021Q3
135725_WB_raw_counts(21-360097- 135725 WB 12PM).xlsx,132737,,Bedford Street,Downing St,6th Ave,WB,1,7/1/2021,2021,Jul,Q3,Thu,Weekday,12:00PM,12:48PM,Dry - Clear,15 MPH,One - Way,30 ft.,1,0,5,31,15.76,6,16,23.05,2021Q3
135725_WB_raw_counts(21-360097- 135725 WB 20PM).xlsx,132737,,Bedford Street,Downing St,6th Ave,WB,1,7/1/2021,2021,Jul,Q3,Thu,Weekday,20:00PM,21:00PM,Dry - Clear,15 MPH,One - Way,30 ft.,1,0,7,31,18.83333333,8,19,28,2021Q3
135725_WB_raw_counts(21-360097- 135725 WB 8AM).xlsx,132737,,Bedford Street,Downing St,6th Ave,WB,1,7/1/2021,2021,Jul,Q3,Thu,Weekday,8:00AM,8:45AM,Dry - Clear,15 MPH,One - Way,30 ft.,1,0,5,34,16.6,7,17,25.05,2021Q3
135728_NB_raw_counts(21-360099- 135728 NB 12PM).xlsx,9007051,,Alaska Street,Henderson Ave,Castleton Ave,NB,5,8/3/2021,2021,Aug,Q3,Tue,Weekday,12:00PM,12:31PM,Dry - Clear,15 MPH,Two - Way,36 ft.,2,2,10,26,15.77,11,16,21.05,2021Q3
135728_NB_raw_counts(21-360099- 135728 NB 20PM).xlsx,9007051,,Alaska Street,Henderson Ave,Castleton Ave,NB,5,8/3/2021,2021,Aug,Q3,Tue,Weekday,20:30PM,20:51PM,Dry - Clear,15 MPH,Two - Way,36 ft.,2,2,10,27,18.9,11,19,26,2021Q3
135728_NB_raw_counts(21-360099- 135728 NB 8AM).xlsx,9007051,,Alaska Street,Henderson Ave,Castleton Ave,NB,5,8/3/2021,2021,Aug,Q3,Tue,Weekday,8:40AM,8:58AM,Dry - Clear,15 MPH,Two - Way,36 ft.,2,2,10,25,17.1,11,17,24,2021Q3
135728_SB_raw_counts(21-360099- 135728 SB 12PM).xlsx,9007051,,Alaska Street,Henderson Ave,Castleton Ave,SB,5,8/3/2021,2021,Aug,Q3,Tue,Weekday,12:10PM,12:45PM,Dry - Clear,15 MPH,Two - Way,36 ft.,2,2,10,25,18.23,11,19,23.05,2021Q3
135728_SB_raw_counts(21-360099- 135728 SB 20PM).xlsx,9007051,,Alaska Street,Henderson Ave,Castleton Ave,SB,5,8/3/2021,2021,Aug,Q3,Tue,Weekday,20:30PM,20:51PM,Dry - Clear,15 MPH,Two - Way,36 ft.,2,2,10,27,18.32,10.95,19,25.05,2021Q3
135728_SB_raw_counts(21-360099- 135728 SB 8AM).xlsx,9007051,,Alaska Street,Henderson Ave,Castleton Ave,SB,5,8/3/2021,2021,Aug,Q3,Tue,Weekday,8:30AM,8:55AM,Dry - Clear,15 MPH,Two - Way,36 ft.,2,2,10,25,16.66,11,16,22,2021Q3
135729_NB_raw_counts(21-360099- 135729 NB 12PM).xlsx,9005341,,Alaska Street,Henderson Ave,Castleton Ave,NB,5,8/3/2021,2021,Aug,Q3,Tue,Weekday,12:00PM,12:31PM,Dry - Clear,15 MPH,Two - Way,36 ft.,2,2,10,29,17.27,11,17,22.05,2021Q3
135729_NB_raw_counts(21-360099- 135729 NB 20PM).xlsx,9005341,,Alaska Street,Henderson Ave,Castleton Ave,NB,5,8/3/2021,2021,Aug,Q3,Tue,Weekday,20:00PM,20:28PM,Dry - Clear,15 MPH,Two - Way,36 ft.,2,2,10,25,17.04,11,17.5,23,2021Q3
135729_NB_raw_counts(21-360099- 135729 NB 8AM).xlsx,9005341,,Alaska Street,Henderson Ave,Castleton Ave,NB,5,8/3/2021,2021,Aug,Q3,Tue,Weekday,8:00AM,8:37AM,Dry - Clear,15 MPH,Two - Way,36 ft.,2,2,10,25,16.31,10.95,16,22,2021Q3
135729_SB_raw_counts(21-360099- 135729 SB 12PM).xlsx,9005341,,Alaska Street,Henderson Ave,Castleton Ave,SB,5,8/3/2021,2021,Aug,Q3,Tue,Weekday,12:00PM,12:36PM,Dry - Clear,15 MPH,Two - Way,36 ft.,2,2,10,25,17.39,10.95,18,23,2021Q3
135729_SB_raw_counts(21-360099- 135729 SB 20PM).xlsx,9005341,,Alaska Street,Henderson Ave,Castleton Ave,SB,5,8/3/2021,2021,Aug,Q3,Tue,Weekday,20:00PM,20:25PM,Dry - Clear,15 MPH,Two - Way,36 ft.,2,2,10,27,18.14,11,19,24.05,2021Q3
135729_SB_raw_counts(21-360099- 135729 SB 8AM).xlsx,9005341,,Alaska Street,Henderson Ave,Castleton Ave,SB,5,8/3/2021,2021,Aug,Q3,Tue,Weekday,8:00AM,8:29AM,Dry - Clear,15 MPH,Two - Way,36 ft.,2,2,11,25,18.28,11,18,25,2021Q3
137283_NB_raw_counts(137283 NB).xlsx,28608,,Rogers Ave,Church Ave,Martense St,NB,3,10/20/2021,2021,Oct,Q4,Wed,Weekday,12:00PM,12:45PM,Dry - Clear,25 MPH,One - Way,36 ft.,2,1,11,27,20.14,14,20,25.05,2021Q4
137284_SB_raw_counts(137284 SB).xlsx,28720,,Nostrand Ave,Martense St,Church Ave,SB,3,10/20/2021,2021,Oct,Q4,Wed,Weekday,12:00PM,12:45PM,Dry - Clear,25 MPH,One - Way,44 ft.,2,2,11,30,21.41,17,21,26.05,2021Q4
137285_NB_raw_counts(137285 NB).xlsx,28618,,Rogers Ave,Winthrop St,Hawthome St,NB,3,10/20/2021,2021,Oct,Q4,Wed,Weekday,13:00PM,13:45PM,Dry - Clear,25 MPH,One - Way,44 ft.,2,2,14,28,20.71,15,21,26,2021Q4
137286_SB_raw_counts(137286 SB).xlsx,28742,,Nostrand Ave,Hawthorne St,Winthrop St,SB,3,10/20/2021,2021,Oct,Q4,Wed,Weekday,13:00PM,13:50PM,Dry - Clear,25 MPH,One - Way,42 ft.,2,2,16,29,21.85,16.95,22,28,2021Q4
137287_NB_raw_counts(137287 NB).xlsx,29614,,Rogers Ave,Sterling St,Empire Blvd,NB,3,10/27/2021,2021,Oct,Q4,Wed,Weekday,12:10PM,12:45PM,Dry - Clear,25 MPH,One - Way,36 ft.,2,1,10,23,16.1,10.95,16,22,2021Q4
137288_SB_raw_counts(137288 SB).xlsx,29621,,Nostrand Ave,Empire Blvd,Sterling St,SB,3,10/27/2021,2021,Oct,Q4,Wed,Weekday,12:10PM,12:40PM,Dry - Clear,25 MPH,One - Way,44 ft.,2,1,10,26,19.25,15,19,24.05,2021Q4
138237_NB_raw_counts(138237 NB).xlsx,29602,,Rogers Ave,Lefferts Ave,Sterling St,NB,3,10/5/2021,2021,Oct,Q4,Tue,Weekday,12:00PM,12:45PM,Dry - Clear,25 MPH,One - Way,43 ft.,2,2,10,30,20.52,11.95,20,28,2021Q4
138238_SB_raw_counts(138238 SB).xlsx,29608,,Nostrand Ave,Lefferts Ave,Sterling St,SB,3,10/5/2021,2021,Oct,Q4,Tue,Weekday,12:00PM,12:32PM,Dry - Clear,25 MPH,One - Way,43 ft.,2,2,10,27,19.32,11.95,20,25,2021Q4
138239_NB_raw_counts(138239 NB).xlsx,29604,,Rogers Ave,Maple St,Lincoln Rd,NB,3,10/6/2021,2021,Oct,Q4,Wed,Weekday,12:00PM,12:45PM,Dry - Clear,25 MPH,One - Way,44 ft.,2,2,10,37,20.13,14,20,28,2021Q4
138240_SB_raw_counts(138240 SB).xlsx,29612,,Nostrand Ave,Lincoln Rd,Maple St,SB,3,10/6/2021,2021,Oct,Q4,Wed,Weekday,12:05PM,12:49PM,Dry - Clear,25 MPH,One - Way,44 ft.,2,2,10,34,18.58,11,19,24.05,2021Q4
138241_NB_raw_counts(138241 NB).xlsx,28626,,Rogers Ave,Midwood St,Maple St,NB,3,10/7/2021,2021,Oct,Q4,Thu,Weekday,13:00PM,13:58PM,Dry - Clear,25 MPH,One - Way,44 ft.,2,2,12,30,20.38,15.9,20,26.05,2021Q4
138242_SB_raw_counts(138242 SB).xlsx,28632,,Nostrand Ave,Midwood St,Rutland Rd,SB,3,10/7/2021,2021,Oct,Q4,Thu,Weekday,13:10PM,14:00PM,Dry - Clear,25 MPH,Two - Way,44 ft.,2,2,11,32,18.37,12,18,27.05,2021Q4
138243_NB_raw_counts(138243 NB).xlsx,28614,,Rogers Ave,Clarkson Ave,Parkside Ave,NB,3,10/28/2021,2021,Oct,Q4,Thu,Weekday,12:15PM,12:48PM,Dry - Clear,25 MPH,One - Way,43 ft.,2,1,10,26,17.43,11,17,23,2021Q4
138244_SB_raw_counts(138244 SB).xlsx,28738,,Nostrand Ave,Parkside Ave,Clarkson Ave,SB,3,10/28/2021,2021,Oct,Q4,Thu,Weekday,12:15PM,12:45PM,Dry - Clear,25 MPH,One - Way,44 ft.,2,2,11,25,15.57,12,15,21,2021Q4
138245_SB_raw_counts(138245 SB).xlsx,28732,,Nostrand Ave,Lenox Rd,Linden Blvd,SB,3,10/28/2021,2021,Oct,Q4,Thu,Weekday,12:55PM,13:30PM,Dry - Clear,25 MPH,One - Way,44 ft.,2,2,10,28,18.93,13,19,25,2021Q4
138246_NB_raw_counts(138246 NB).xlsx,28604,,Rogers Ave,Martense St,Linden Blvd,NB,3,10/28/2021,2021,Oct,Q4,Thu,Weekday,13:00PM,13:45PM,Dry - Clear,25 MPH,One - Way,44 ft.,2,2,12,28,21.21,16,21,26,2021Q4
141361_NB_raw_counts(141361 NB).xlsx,80896,,Riverdale Ave,W 254th St,W 256th St,NB,2,2/24/2022,2022,Feb,Q1,Thu,Weekday,12:14PM,12:27PM,Dry - Clear,25 MPH,Two - Way,56 ft.,2,1,21,29,24.74,21,24,28,2022Q1
141361_SB_raw_counts(141361 SB).xlsx,80896,,Riverdale Ave,W 256th St,W 254th St,SB,2,2/24/2022,2022,Feb,Q1,Thu,Weekday,12:01PM,12:18PM,Dry - Clear,25 MPH,Two - Way,60 ft.,2,1,18,31,24.13,19,24,28,2022Q1
141362_NB_raw_counts(141362 NB).xlsx,80927,,Riverdale Ave,W 259th St,W 260th St,NB,2,2/24/2022,2022,Feb,Q1,Thu,Weekday,13:08PM,13:27PM,Dry - Clear,25 MPH,Two - Way,60 ft.,2,1,6,22,13.97,10,14,18,2022Q1
141362_SB_raw_counts(141362 SB).xlsx,80927,,Riverdale Ave,W 259th St,W 260th St,SB,2,2/24/2022,2022,Feb,Q1,Thu,Weekday,13:31PM,13:56PM,Dry - Clear,25 MPH,Two - Way,60 ft.,2,1,5,21,14.41,10,14,20,2022Q1
141363_NB_raw_counts(141363 NB).xlsx,81417,,Riverdale Ave,W 260th St,W 261st St,NB,2,2/24/2022,2022,Feb,Q1,Thu,Weekday,13:18PM,13:36PM,Dry - Clear,25 MPH,Two - Way,60 ft.,2,1,11,19,15.42,11.95,16,19,2022Q1
141363_SB_raw_counts(141363 SB).xlsx,81417,,Riverdale Ave,W 261st St,W 260th St,SB,2,2/24/2022,2022,Feb,Q1,Thu,Weekday,12:51PM,13:13PM,Dry - Clear,25 MPH,Two - Way,60 ft.,2,1,11,19,15.34,12,15,19,2022Q1
141364_NB_raw_counts(141364 NB).xlsx,81427,,Riverdale Ave,W 261st St,W 263rd St,NB,2,2/24/2022,2022,Feb,Q1,Thu,Weekday,12:08PM,12:26PM,Dry - Clear,25 MPH,Two - Way,60 ft.,2,1,12,29,22.42,17,23,28,2022Q1
141364_SB_raw_counts(141364 SB).xlsx,81427,,Riverdale Ave,W 261st St,W 263rd St,SB,2,2/24/2022,2022,Feb,Q1,Thu,Weekday,12:30PM,12:51PM,Dry - Clear,25 MPH,Two - Way,60 ft.,2,1,12,28,20.03,14,20,24,2022Q1
141365_NB_raw_counts(141365 NB).xlsx,107200,,Riverdale Ave,W 256th St,W 258th St,NB,2,2/24/2022,2022,Feb,Q1,Thu,Weekday,12:30PM,12:41PM,Dry - Clear,25 MPH,Two - Way,60 ft.,2,1,14,28,23.44,17,24,27,2022Q1
141365_SB_raw_counts(141365 SB).xlsx,107200,,Riverdale Ave,W 258th St,W 256th St,SB,2,2/24/2022,2022,Feb,Q1,Thu,Weekday,12:42PM,13:01PM,Dry - Clear,25 MPH,Two - Way,60 ft.,2,1,12,31,25.14,19,26,29,2022Q1
141366_NB_raw_counts(141366 NB).xlsx,80925,,Riverdale Ave,W 258th St,W 259th St,NB,2,2/24/2022,2022,Feb,Q1,Thu,Weekday,12:08PM,12:23PM,Dry - Clear,25 MPH,Two - Way,60 ft.,2,1,11,18,15.41,12,16,18,2022Q1
141366_SB_raw_counts(141366 SB).xlsx,80925,,Riverdale Ave,W 259th St,W 258th St,SB,2,2/24/2022,2022,Feb,Q1,Thu,Weekday,12:26PM,12:41PM,Dry - Clear,25 MPH,Two - Way,60 ft.,2,1,10,19,14.34,11,14,17.05,2022Q1
144243_WB_raw_counts(22-360240-144243 WB 1- 8AM).xlsx,70987,,W 181st St,Fort Washington Ave,Pinehurst Ave,WB,1,11/9/2022,2022,Nov,Q4,Wed,Weekday,08:00AM,09:49AM,Dry - Clear,15MPH,Two - Way,43 ft.,1,1,10,22,13.74,11,13,19.05,2022Q4
144243_WB_raw_counts(22-360240-144243 WB 2- 12NN).xlsx,70987,,W 181st St,Fort Washington Ave,Pinehurst Ave,WB,1,11/9/2022,2022,Nov,Q4,Wed,Weekday,12:00PM,12:40PM,Dry - Clear,15MPH,Two - Way,43 ft.,1,1,10,21,14.29,11,14,19,2022Q4
144243_WB_raw_counts(22-360240-144243 WB 3- 8PM).xlsx,70987,,W 181st St,Fort Washington Ave,Pinehurst Ave,WB,1,11/9/2022,2022,Nov,Q4,Wed,Weekday,08:00PM,09:00PM,Dry - Clear,15MPH,Two - Way,43 ft.,1,1,10,21,13.32098765,11,13,19,2022Q4
144244_EB_raw_counts(22-360240-144244 EB 1- 8AM).xlsx,70991,,W 181st St,Pinehurst Ave,Fort Washington Ave,EB,1,11/9/2022,2022,Nov,Q4,Wed,Weekday,08:00AM,09:00AM,Dry - Clear,15MPH,Two - Way,43 ft.,1,1,10,25,14.67,11,14,19.05,2022Q4
144244_EB_raw_counts(22-360240-144244 EB 2- 12NN).xlsx,70991,,W 181st St,Fort Washington Ave,Pinehurst Ave,EB,1,11/9/2022,2022,Nov,Q4,Wed,Weekday,12:00PM,13:00PM,Dry - Clear,15MPH,Two - Way,43 ft.,1,1,9,20,14.38157895,11,14,19.25,2022Q4
144244_EB_raw_counts(22-360240-144244 EB 3- 8PM).xlsx,70991,,W 181st St,Fort Washington Ave,Pinehurst Ave,EB,1,11/9/2022,2022,Nov,Q4,Wed,Weekday,08:00PM,09:00PM,Dry - Clear,15MPH,Two - Way,43 ft.,1,1,8,25,15.47,10,15,21,2022Q4
144247_EB_raw_counts(22-360241 - 144247 EB 1 - 8AM).xlsx,80065,,E Kingsbridge Rd,Valentine Avenue,Briggs Avenue,EB,2,11/10/2022,2022,Nov,Q4,Thu,Weekday,08:00AM,09:00AM,Dry - Clear,25MPH,One - Way,29 ft.,1,2,8,15,11.38235294,8,11,14,2022Q4
144247_EB_raw_counts(22-360241 - 144247 EB 2 - 12NN).xlsx,80065,,E Kingsbridge Rd,Valentine Avenue,Briggs Avenue,EB,2,11/10/2022,2022,Nov,Q4,Thu,Weekday,12:00PM,13:00PM,Dry - Clear,25MPH,One - Way,29 ft.,1,2,7,23,13.61904762,7,13,20,2022Q4
144247_EB_raw_counts(22-360241 - 144247 EB 3 - 8PM).xlsx,80065,,E Kingsbridge Rd,Valentine Avenue,Briggs Avenue,EB,2,11/10/2022,2022,Nov,Q4,Thu,Weekday,20:00PM,21:00PM,Dry - Clear,25MPH,One - Way,29 ft.,1,2,10,17,12.78125,10,13,16,2022Q4
144248_EB_raw_counts(22-360241 - 144248 EB 1 - 8AM).xlsx,113576,,Briggs Ave,E Kingsbridge Rd,E 194th St. ,EB,2,11/10/2022,2022,Nov,Q4,Thu,Weekday,08:00AM,09:00AM,Dry - Clear,25MPH,One - Way,29 ft.,1,2,8,22,14.38235294,9.3,14,19.35,2022Q4
144248_EB_raw_counts(22-360241 - 144248 EB 2 - 12NN).xlsx,113576,,Briggs Ave,E Kingsbridge Rd,E 194th St. ,EB,2,11/10/2022,2022,Nov,Q4,Thu,Weekday,12:00PM,13:00PM,Dry - Clear,25MPH,One - Way,29 ft.,1,2,10,24,16.71428571,10,16,24,2022Q4
144248_EB_raw_counts(22-360241 - 144248 EB 3 - 8PM).xlsx,113576,,Briggs Ave,E Kingsbridge Rd,E 194th St. ,EB,2,11/10/2022,2022,Nov,Q4,Thu,Weekday,20:00PM,21:00PM,Dry - Clear,25MPH,One - Way,29 ft.,1,2,12,23,16.53125,12.55,16,22,2022Q4
144251_WB_raw_counts(22-360242-144251 WB 1 - 8AM).xlsx,9005428,,Hill Street,Tompkins Avenue,Warren Street,WB,5,11/29/2022,2022,Nov,Q4,Tue,Weekday,08:00AM,09:00AM,Dry - Clear,25MPH,Two - Way,44 ft,1,2,7,20,13.4,8,13,19.1,2022Q4
144251_WB_raw_counts(22-360242-144251 WB 2 - 12NN).xlsx,9005428,,Hill Street,Tompkins Avenue,Warren Street,WB,5,11/29/2022,2022,Nov,Q4,Tue,Weekday,12:00PM,13:00PM,Dry - Clear,25MPH,Two - Way,44 ft,1,2,10,20,16,11.3,16,20,2022Q4
144251_WB_raw_counts(22-360242-144251 WB 3 - 8PM).xlsx,9005428,,Hill Street,Tompkins Avenue,Warren Street,WB,5,11/30/2022,2022,Nov,Q4,Wed,Weekday,08:00PM,09:00PM,Dry - Clear,25MPH,Two - Way,44 ft,1,2,11,22,17.38461538,14,17.5,21,2022Q4
144252_EB_raw_counts(22-360242-144252 EB 1 - 8AM).xlsx,9005428,,Hill Street,Warren Street ,Tompkins Avenue,EB,5,11/29/2022,2022,Nov,Q4,Tue,Weekday,08:00AM,09:00AM,Dry - Clear,25MPH,Two - Way,44 ft,1,2,5,14,8.105263158,5,8,14,2022Q4
144252_EB_raw_counts(22-360242-144252 EB 2 - 12NN).xlsx,9005428,,Hill Street,Warren Street,Tompkins Avenue,EB,5,11/29/2022,2022,Nov,Q4,Tue,Weekday,12:00PM,13:00PM,Dry - Clear,25MPH,Two - Way,44 ft,1,2,1,16,8.136363636,3,8,13.85,2022Q4
144252_EB_raw_counts(22-360242-144252 EB 3 - 8PM).xlsx,9005428,,Hill Street,Warren Street,Tompkins Avenue,EB,5,11/30/2022,2022,Nov,Q4,Wed,Weekday,08:00PM,09:00PM,Dry - Clear,25MPH,Two - Way,44 ft,1,2,11,17,14.17391304,12,14,16,2022Q4
